User,Password,Email,FirstName,LastName
0eheaj02,_sGeeB'GF3bw,0eheaj02@sample.org,John,Johnson
1mlq82ev,%!+u-(`/nm$1,1mlq82ev@test.com,Alex,Doe
zfs0upij,"5NnzXKY2/""eT",zfs0upij@example.com,Jane,Johnson
crsv0ppl,{CcWK7j5G1/9,crsv0ppl@sample.org,Chris,Johnson
j7b1caiz,"XB89I+>""jgUx",j7b1caiz@test.com,John,Smith
86j5y55d,rV8Ejj(VJ:_@,86j5y55d@test.com,Chris,Doe
2429oxiu,Rv/.V'k[>AU+,2429oxiu@example.com,Sam,Brown
ymoliwk8,8E{Q?:CYM^{9,ymoliwk8@example.com,Katie,Doe
o2gg4f7t,r/vS0\(8r[`l,o2gg4f7t@sample.org,Sam,Brown
xo8izi1h,OQa)JPv:Lfh!,xo8izi1h@example.com,Jane,Doe
2ze6ct4l,"NdyXI,Ba)RmH",2ze6ct4l@test.com,Chris,Garcia
ukdzmqht,D:~wj9{^M/16,ukdzmqht@example.com,Sam,Williams
q9zxwxng,"upem@gpxj""aD",q9zxwxng@test.com,Katie,Brown
9ni8hry2,"B""}[8UHP^u\4",9ni8hry2@example.com,Sam,Smith
x6s7tko3,yl6]ea:uZ=c7,x6s7tko3@example.com,John,Martinez
g4yihr5a,G2$*})I*.oXm,g4yihr5a@sample.org,Sam,Johnson
msu88ddi,",7nLc&\tCy;#",msu88ddi@example.com,Chris,Martinez
ftyhvmx3,",Go;3[e}5l+c",ftyhvmx3@example.com,Chris,Johnson
a1ca5ut5,wQ'}weDr$)y6,a1ca5ut5@test.com,Sam,Williams
c9h6cp7a,TN9V9N-Ma5~K,c9h6cp7a@example.com,Jane,Doe
vzdy52vq,_TT+<4O4FFZs,vzdy52vq@test.com,Chris,Brown
4kqts8c2,~;z%orR<P6Y3,4kqts8c2@example.com,Chris,Martinez
6f73ftmu,"~{H./"")$.,**",6f73ftmu@example.com,Alex,Garcia
ck0a5q47,pN_.tba#T#@',ck0a5q47@sample.org,Chris,Garcia
s5t4oc8w,"2yN-,qW<{P-""",s5t4oc8w@sample.org,Chris,Garcia
jk9r23u0,A:o8|e5(j3Jr,jk9r23u0@sample.org,Laura,Johnson
5edi1er5,"WuHiv,YiY~<d",5edi1er5@sample.org,John,Doe
avyv1hly,\#`L{5&`Y}?C,avyv1hly@sample.org,Sam,Doe
h7d0zijy,pXK=q<|Z-{D/,h7d0zijy@sample.org,Alex,Doe
4qzanhye,"9CT!,oa3P<:f",4qzanhye@example.com,Laura,Smith
misu3nwa,%x^n!eUsN<-M,misu3nwa@example.com,Max,Garcia
s28m673b,"73I#}6&,EeP:",s28m673b@test.com,Max,Garcia
uqzomtzh,p_ZRqggh@kO@,uqzomtzh@sample.org,Sam,Martinez
73dog2hh,"j'Bj{.cSkZ,f",73dog2hh@sample.org,Max,Garcia
7bnoo2z3,9{r:z]<.1dO),7bnoo2z3@example.com,Sam,Doe
5jg3vqbg,LOSJM(%0y?*l,5jg3vqbg@example.com,Max,Jones
9b48slbm,"h>Goo_AVGE/,",9b48slbm@sample.org,Jane,Doe
ed02cpvs,"dN(ed""i):W*%",ed02cpvs@example.com,Alex,Martinez
eehtdmuv,if7FD(tfCbSn,eehtdmuv@test.com,John,Martinez
9i0jb3yc,"$""EAzae>U6/c",9i0jb3yc@sample.org,Alex,Jones
udjqrgkf,Zo)RS/LVnifX,udjqrgkf@sample.org,Jane,Doe
as19nplx,8Y9asR.;_(TW,as19nplx@sample.org,Max,Garcia
59mb7y4l,gAhgfXP-1)P\,59mb7y4l@sample.org,Max,Smith
fx6wcbxe,OJ&0zk{R97g[,fx6wcbxe@test.com,Alex,Doe
1fgjz2st,\k%'/=vovyS>,1fgjz2st@example.com,John,Doe
hyye2ebl,TTJcCU_bn^+c,hyye2ebl@test.com,Katie,Jones
42fb32d5,Wg\&|f2[U{>/,42fb32d5@example.com,Katie,Williams
nheh1eiv,F&:kb`^#F]XZ,nheh1eiv@test.com,Max,Brown
yqlioxvd,=RHEngOR=<<F,yqlioxvd@test.com,Katie,Garcia
sxyeg4yf,":4'vm,Og+O""M",sxyeg4yf@sample.org,Chris,Brown
